sequence,duration_seconds,duration_minutes,kWh,kWh_per_minute
EPI DWIb1000s/mm2 3.0mm,82,1.366666667,2,1.463414634
EPI DWIb1500s/mm2 2.0mm,289,4.816666667,5.08,1.05467128
EPI DWIb1500s/mm2 3.0mm,197,3.283333333,3.31,1.008121827
SE DWIMVb1000s/mm2 2.0mm,278,4.633333333,4.73,1.020863309
SE DWIMVb1000s/mm2 3.0mm,185,3.083333333,3.3,1.07027027
fMRI EPI,252,4.2,3.25,0.773809524
